Guille@Guille.com;
Adri@Adri.com;
Fran@Fran.com;
Hola@Hola.com;
Felix@Felix.com;
Raul@Raul.com;
Yeray@Yeray.com;
Pablo@Pablo.com;
